Rank;Prior Rank;Rank Change;First Name;Last Name;YOB;Country;Total Points;Events First Period;Events Second Period;Points First Period;Points Second Period;Period 1 Best Score;Period 1 2nd Score;Period 1 3rd Score;Period 1 4th Score;Period 1 5th Score;Period 1 6th Score;Period 1 7th Score;Period 2 Best Score;Period 2 2nd Score;Period 2 3rd Score;Period 2 4th Score;Period 2 5th Score;Period 2 6th Score;Period 2 7th Score
1;1;0;Katie;Zaferes;1989;USA;10500,37;7;5;6259,66;4240,71;1069,53;1000;925;925;855,63;800;684,5;1250;1000;925;800;265,71;;
2;2;0;Georgia;Taylor-Brown;1994;GBR;8844,43;7;5;4717,13;4127,3;925;855,63;732,09;724,27;684,5;428,77;366,87;1069,53;1000;740;732,09;585,68;;
3;4;1;Jessica;Learmonth;1988;GBR;8754,3;7;5;4455,73;4298,57;925;684,5;633,16;579,42;579,42;573,23;481;1156,25;925;855,63;684,5;677,19;;
4;3;-1;Taylor;Spivey;1991;USA;8548,61;5;7;3452,99;5095,62;783;740;677,19;626,4;626,4;;;855,63;791,45;791,45;724,27;677,19;669,95;585,68
5;5;0;Vicky;Holland;1986;GBR;7828,96;6;6;4755,51;3073,45;1156,25;1000;1000;800;463,53;335,73;;1069,53;626,4;428,77;366,05;332,14;250,56;
6;6;0;Summer;Rappaport;1991;USA;7442,71;5;7;2464,91;4977,8;677,19;500;463,53;424,19;400;;;925;925;915,12;740;684,5;400;388,18
7;7;0;Laura;Lindemann;1996;GER;7129,31;5;7;3003,51;4125,8;989,32;740;495,76;411,56;366,87;;;846,48;846,48;535,96;501,12;500;495,76;400
8;8;0;Non;Stanford;1989;GBR;6713,84;5;6;2905,67;3808,17;855,63;585,68;541,75;530,24;392,37;;;800;783;732,09;626,4;579,42;287,26;
9;9;0;Rachel;Klamer;1990;NED;5734,02;7;5;2897,28;2836,74;791,45;458,58;366,87;339,35;316,58;313,9;310,55;989,32;633,16;458,58;396,61;359,07;;
10;13;3;Sophie;Coldwell;1995;GBR;5491,43;5;7;1571,87;3919,56;500;424,19;316,58;166,44;164,66;;;855,63;677,19;669,95;535,96;490,47;400;290,36
11;10;-1;Taylor;Knibb;1998;USA;5490,23;7;5;2600,19;2890,04;633,16;535,96;462,5;313,2;248,44;210,3;196,63;1000;585,68;462,5;453,68;388,18;;
12;14;2;Cassandre;Beaugrand;1997;FRA;5445,1;5;6;2571,25;2873,85;800;579,42;501,12;444,93;245,78;;;740;579,42;495,76;392,37;359,07;307,23;
13;11;-2;Ashleigh;Gentle;1991;AUS;5416,79;7;4;4112,84;1303,95;1250;791,45;740;400;396,61;392,37;142,41;684,5;243,16;208,05;168,24;;;
14;12;-2;Claire;Michel;1988;BEL;5321,98;5;7;1937,24;3384,74;732,09;380,69;289,71;284,19;250,56;;;633,16;541,75;535,96;462,5;444,93;424,19;342,25
15;15;0;Alice;Betto;1987;ITA;5265,32;5;7;1673,68;3591,64;458,58;424,19;310,55;250,56;229,8;;;1156,25;724,27;633,16;458,58;227,35;212,09;179,94
16;18;2;Kirsten;Kasper;1991;USA;4818,42;5;7;2357,91;2460,51;915,12;585,68;313,9;277,5;265,71;;;453,68;427,81;362,95;335,73;316,58;313,2;250,56
17;16;-1;Vendula;Frintova;1983;CZE;4788,85;7;5;2629,66;2159,19;626,4;500;352,14;338,59;287,26;268,58;256,69;500;458,58;424,19;395,73;380,69;;
18;17;-1;Lisa;Perterer;1991;AUT;4773,78;7;5;2972,35;1801,43;791,45;419,66;400;395,73;335,73;316,58;313,2;541,75;419,66;342,25;262,87;234,9;;
19;27;8;Flora;Duffy;1987;BER;4695,43;2;4;1396,61;3298,82;1000;396,61;;;;;;1250;915,12;791,45;342,25;;;
20;19;-1;Annamaria;Mazzetti;1988;ITA;4675,87;6;6;2022,41;2653,46;462,5;427,81;338,59;292,84;270,87;229,8;;783;619,71;463,53;396,61;310,55;80,06;
21;20;-1;Nicola;Spirig;1982;SUI;4657,06;4;5;2385,25;2271,81;732,09;633,16;520;500;;;;619,71;500;463,53;395,73;292,84;;
22;21;-1;Ai;Ueda;1983;JPN;4475,21;6;6;2021,16;2454,05;400;400;366,05;362,95;262,87;229,29;;500;436;400;375;373,05;370;
23;22;-1;Joanna;Brown;1992;CAN;4470,15;6;6;2613,59;1856,56;855,63;791,45;332,14;287,26;203,16;143,95;;392,37;339,35;335,73;313,9;310,55;164,66;
24;24;0;Natalie;Van Coevorden;1992;AUS;4405,89;6;6;2301,61;2104,28;535,96;463,53;362,95;359,07;292,84;287,26;;366,05;366,05;362,95;362,95;335,73;310,55;
25;23;-2;Miriam;Casillas García;1992;ESP;4337,5;5;7;1560,48;2777,02;427,81;427,81;270,87;250,56;183,43;;;579,42;490,47;462,5;395,73;313,2;287,26;248,44
26;25;-1;Verena;Steinhauser;1994;ITA;4321,43;5;7;1854;2467,43;428,77;427,81;342,25;338,59;316,58;;;573,23;427,81;366,87;342,25;265,71;245,78;245,78
27;26;-1;Yuko;Takahashi;1991;JPN;4256,64;6;6;1951,51;2305,13;495,76;335,73;313,2;290,36;268,58;247,88;;791,45;366,87;366,05;287,26;268,58;224,92;
28;30;2;Vittoria;Lopes;1996;BRA;3873,55;6;6;1225,88;2647,67;310,55;293,15;181,47;166,44;143,95;130,32;;989,32;579,42;530,24;245,78;196,63;106,28;
29;43;14;Maya;Kingma;1995;NED;3820,05;6;6;701,55;3118,5;155,62;152,31;122,89;96,44;90,17;84,12;;1000;855,63;626,4;290,36;214,38;131,73;
30;28;-2;Chelsea;Burns;1990;USA;3805,2;7;5;2601,39;1203,81;490,47;462,5;458,58;427,81;265,71;248,44;247,88;392,37;268,58;248,44;210,3;84,12;;
31;29;-2;Jodie;Stimpson;1989;GBR;3708,08;5;3;2807,89;900,19;677,19;619,71;585,68;501,12;424,19;;;335,73;313,9;250,56;;;;
32;31;-1;Julia;Hauser;1994;AUT;3696,62;7;5;2326,76;1369,86;495,76;453,68;366,05;325,73;267,98;247,88;169,68;732,09;178,01;166,44;149,37;143,95;;
33;32;-1;Leonie;Periault;1994;FRA;3683,32;4;5;2133,76;1549,56;732,09;669,95;392,37;339,35;;;;677,19;307,23;284,19;168,24;112,71;;
34;33;-1;Tamara;Gorman;1996;USA;3669,4;6;6;1329,74;2339,66;342,25;316,58;250,56;214,38;121,85;84,12;;535,96;495,76;462,5;370;262,87;212,57;
35;34;-1;Lotte;Miller;1996;NOR;3582,09;7;3;2824,37;757,72;579,42;541,75;495,76;388,18;362,95;313,9;142,41;458,58;153,96;145,18;;;;
36;35;-1;Sandra;Dodet;1996;FRA;3558,01;7;5;1925,9;1632,11;375;370;370;316,58;183,43;155,62;155,27;481;400;339,35;270,87;140,89;;
37;36;-1;Jaz;Hedgeland;1995;AUS;3510,71;5;7;1552,78;1957,93;399,6;395,73;342,25;231,77;183,43;;;501,12;428,77;289,71;253,95;210,3;192,45;81,63
38;37;-1;Luisa;Baptista;1994;BRA;3452,39;6;6;1715,26;1737,13;468;370;270,87;214,62;210,3;181,47;;573,23;316,58;284,19;250,56;156,95;155,62;
39;54;15;Beth;Potter;1991;GBR;3146,56;5;7;984,93;2161,63;370;250,56;229,29;68,5;66,58;;;626,4;520;290,36;289,71;270,87;152,31;11,98
40;45;5;Jolanda;Annen;1992;SUI;3091,81;6;4;1687,72;1404,09;370;316,58;292,84;290,36;219,63;198,31;;463,53;395,73;362,95;181,88;;;
41;38;-3;Yuliya;Yelistratova;1988;UKR;2995,53;7;5;1627,45;1368,08;400;250,56;237,44;212,09;198,31;196,19;132,86;370;366,05;257,8;217,28;156,95;;
42;39;-3;Emma;Jeffcoat;1994;AUS;2988,01;7;5;1855,03;1132,98;395,73;292,84;292,84;287,26;248,44;169,68;168,24;500;265,71;181,47;124,22;61,58;;
43;40;-3;Yuka;Sato;1992;JPN;2933,52;5;7;1380,09;1553,43;339,35;335,73;265,71;224,92;214,38;;;403,3;319,19;247,88;194,53;153,96;143,63;90,94
44;41;-3;Valerie;Barthelemy;1991;BEL;2932,44;5;7;661,25;2271,19;227,35;138,17;136,1;84,12;75,51;;;427,81;427,81;342,25;313,9;310,55;250,56;198,31
45;42;-3;Anna;Godoy Contreras;1992;ESP;2930,04;5;7;1310,07;1619,97;366,05;292,84;238,46;229,29;183,43;;;395,73;292,84;229,29;220,58;214,38;134,29;132,86
46;44;-2;Melanie;Santos;1995;POR;2814,84;7;4;2483,52;331,32;846,48;462,5;362,95;257,8;210,3;198,31;145,18;155,27;113,67;41,7;20,68;;;
47;46;-1;Emma;Jackson;1991;AUS;2718,4;3;7;268,86;2449,54;114,9;108,88;45,08;;;;;800;501,12;419,66;227,35;214,38;181,88;105,15
48;47;-1;Nicole;Van Der Kaay;1996;NZL;2702,73;5;5;1316,08;1386,65;535,96;250,56;231,77;214,38;83,41;;;428,77;366,87;292,84;166,44;131,73;;
49;48;-1;Angelica;Olmo;1996;ITA;2637,83;6;1;2213,64;424,19;626,4;400;342,25;342,25;320,86;181,88;;424,19;;;;;;
50;49;-1;Alexandra;Razarenova;1990;RUS;2600,98;5;7;1090,52;1510,46;316,58;292,84;212,09;167,86;101,15;;;370;338,59;227,35;181,47;169,68;118,22;105,15
51;50;-1;Cecilia;Perez;1991;MEX;2599,68;5;7;1292,35;1307,33;432,9;342,62;179,94;179,94;156,95;;;366,05;292,84;270,87;123,17;96,44;81,63;76,33
52;51;-1;Juri;Ide;1983;JPN;2585,88;7;5;1517,94;1067,94;310,55;265,71;250,56;198,31;169,68;167,86;155,27;403,3;252,63;192,45;142,41;77,15;;
53;52;-1;Julie;Derron;1996;SUI;2584,25;6;6;1210,33;1373,92;366,05;366,05;196,19;134,29;77,15;70,6;;500;370;164,66;133,15;122,89;83,22;
54;53;-1;Zsanett;Bragmayer;1994;HUN;2564,76;7;5;1464,9;1099,86;270,87;247,88;243,16;231,77;229,29;124,22;117,71;338,59;292,84;212,09;143,63;112,71;;
55;55;0;Kaidi;Kivioja;1993;EST;2512,18;7;5;1746,45;765,73;462,5;301,3;289,71;183,43;171,97;169,68;167,86;229,29;183,43;132,86;122,89;97,26;;
56;57;1;Emilie;Morier;1997;FRA;2474,06;4;5;925,99;1548,07;400;346,88;156,95;22,16;;;;530,24;411,56;287,26;229,8;89,21;;
57;56;-1;Zsófia;Kovács;1988;HUN;2455,69;7;5;1330,15;1125,54;296,79;270,87;247,88;198,31;113,67;105,15;97,48;366,05;313,2;267,98;104,26;74,05;;
58;59;1;Barbara;Riveros;1987;CHI;2438,19;7;3;1910,93;527,26;395,73;342,25;316,58;270,87;267,98;214,38;103,14;250,56;142,41;134,29;;;;
59;58;-1;Petra;Kurikova;1991;CZE;2353,32;7;5;1335,3;1018,02;278,7;250,56;217,28;196,19;145,18;124,22;123,17;395,73;231,77;156,95;124,22;109,35;;
60;61;1;Claudia;Rivas;1989;MEX;2254,25;5;7;1069,27;1184,98;316,92;232,02;227,35;181,47;111,51;;;427,81;208,05;133,15;121,85;111,51;106,28;76,33
61;60;-1;Kelly-Ann;Perkins;1992;AUS;2213,41;4;5;1015,44;1197,97;432;231,77;183,43;168,24;;;;427,81;396,61;265,71;66,58;41,26;;
62;62;0;Simone;Ackermann;1990;RSA;2184,99;5;7;436,13;1748,86;212,09;77,81;71,97;38,58;35,68;;;377,4;338,59;332,14;292,84;143,63;142,41;121,85
63;82;19;Carolyn;Hayes;1988;IRL;2178,26;2;7;71,2;2107,06;45,08;26,12;;;;;;495,76;462,5;352,14;346,88;267,98;140,89;40,91
64;63;-1;Sara;Vilic;1992;AUT;2152,73;7;5;997,37;1155,36;231,77;194,53;183,43;143,63;90,94;83,22;69,85;462,5;325,73;155,27;116,45;95,41;;
65;64;-1;Renee;Tomlin;1988;USA;2097,17;6;3;1480,44;616,73;370;342,25;300;267,98;169,68;30,53;;462,5;121,85;32,38;;;;
66;65;-1;Niina;Kishimoto;1995;JPN;2085,73;4;7;268,59;1817,14;98,31;56,96;56,96;56,36;;;;345,07;289,71;267,98;267,98;233,68;229,29;183,43
67;66;-1;Sara;Perez Sala;1988;ESP;2032,18;5;7;736,53;1295,65;231,77;229,29;104,26;97,48;73,73;;;212,09;198,31;198,31;196,19;181,88;174,58;134,29
68;67;-1;Anastasia;Gorbunova;1994;RUS;2027,76;5;7;554,98;1472,78;188,73;143,63;99,64;89,97;33,01;;;267,98;243,16;212,09;204,03;196,19;181,47;167,86
69;68;-1;Ilaria;Zane;1992;ITA;2024,9;6;5;1172,11;852,79;270,87;267,98;231,77;220,58;90,94;89,97;;313,2;247,88;183,43;84,12;24,16;;
70;69;-1;Elizabeth;Bravo;1987;ECU;1997,9;6;6;928,43;1069,47;468;156,95;156,95;93,16;35,68;17,69;;342,25;292,84;167,86;122,89;90,94;52,69;
71;70;-1;Michelle;Flipo;1988;MEX;1970,7;7;5;1082,38;888,32;316,92;196,19;160,79;132,86;112,71;90,94;71,97;245,78;231,77;183,43;113,67;113,67;;
72;71;-1;Andrea;Hewitt;1982;NZL;1958,56;4;2;1187,69;770,87;501,12;392,37;212,57;81,63;;;;500;270,87;;;;;
73;72;-1;Tamsyn;Moana-Veale;1993;AUS;1908,43;6;4;1099,73;808,7;341,91;338,59;234,9;137,57;35,68;11,08;;395,73;200,99;113,67;98,31;;;
74;75;1;Amelie;Kretz;1993;CAN;1900,32;3;7;339,54;1560,78;179,94;114,9;44,7;;;;;338,59;338,59;231,77;210,3;169,68;156,95;114,9
75;73;-2;Lizeth;Rueda Santos;1994;MEX;1842,28;5;7;538,23;1304,05;250,83;98,31;89,21;76,98;22,9;;;338,59;196,19;196,19;179,94;143,95;134,29;114,9
76;74;-2;Nina;Eim;1998;GER;1837,55;4;7;291,42;1546,13;84,12;71,97;71,97;63,36;;;;370;278,7;274,54;270,87;130,32;124,22;97,48
77;76;-1;Erika;Ackerlund;1996;USA;1741,63;5;3;1346,54;395,09;432,9;292,84;289,71;185,91;145,18;;;145,18;143,63;106,28;;;;
78;77;-1;Charlotte;McShane;1990;AUS;1737,92;5;5;1326,8;411,12;535,96;313,2;307,23;113,93;56,48;;;143,95;90,94;71,97;66,01;38,25;;
79;78;-1;Sophie;Watts;1994;USA;1719,95;5;3;874,7;845,25;245,78;214,38;214,38;134,29;65,87;;;316,58;316,58;212,09;;;;
80;79;-1;Gillian;Sanders;1981;RSA;1717,35;5;7;766,63;950,72;292,84;253,95;134,29;45,08;40,47;;;408;147,14;90,17;89,21;83,41;71,21;61,58
81;80;-1;Romana;Gajdošová;1994;SVK;1694,35;6;6;740,39;953,96;174,58;142,41;132,86;116,45;89,97;84,12;;198,31;194,53;161,48;155,27;132,86;111,51;
82;81;-1;Jessica;Romero Tinoco;1998;MEX;1691,57;5;6;887,93;803,64;370,4;342,62;90,94;52,69;31,28;;;289,71;267,98;98,31;88,25;41,7;17,69;
83;83;0;Adriana;Barraza;1993;MEX;1675,34;4;7;874,17;801,17;370,4;271,17;134,29;98,31;;;;156,95;155,27;143,63;133,15;97,48;57,73;56,96
84;84;0;Elena;Danilova;1991;RUS;1671,5;7;5;758,76;912,74;204,03;131,73;124,22;105,15;76,33;64,61;52,69;296,79;238,46;198,31;155,27;23,91;;
85;85;0;Ainsley;Thorpe;1998;NZL;1614,6;6;4;725,37;889,23;196,63;183,25;106,28;98,31;77,81;63,09;;342,25;339,35;124,22;83,41;;;
86;86;0;Hiraku;Fukuoka;1994;JPN;1613,07;4;7;286,91;1326,16;106,28;89,97;62,42;28,24;;;;313,2;233,68;214,38;212,09;198,31;106,28;48,22
87;87;0;Mengying;Zhong;1990;CHN;1574,59;4;7;378,6;1195,99;156,95;90,94;83,41;47,3;;;;436;295,25;155,27;132,86;105,15;47,3;24,16
88;88;0;Sophie;Corbidge;1991;NZL;1562,29;4;5;861,84;700,45;369,63;198,31;169,68;124,22;;;;313,2;134,29;105,38;96,44;51,14;;
89;89;0;Romina;Biagioli;1989;ARG;1431,46;6;4;805,82;625,64;400,43;157,12;124,22;56,96;36,56;30,53;;231,77;185,91;155,27;52,69;;;
90;90;0;Caroline;Pohle;1995;GER;1254,09;2;5;137,79;1116,3;71,21;66,58;;;;;;427,81;231,77;196,63;156,95;103,14;;
91;91;0;Aoi;Kuramoto;1988;JPN;1248,41;7;5;568,64;679,77;169,68;113,67;90,94;61,58;60,93;45,08;26,76;273,11;167,86;114,9;71,21;52,69;;
92;92;0;Beatriz;Neres;1986;BRA;1231,76;7;4;893,78;337,98;342,25;183,63;169,86;79,71;52,69;52,69;12,95;106,28;105,15;77,81;48,74;;;
93;93;0;Rebecca;Spence;1988;NZL;1193,84;3;0;1193,84;0;677,19;270,87;245,78;;;;;;;;;;;
94;94;0;Jeanne;Lehair;1996;FRA;1183,35;4;3;737,67;445,68;338,59;198,31;159,07;41,7;;;;229,29;145,18;71,21;;;;
95;95;0;Lena;Meißner;1998;GER;1168,62;3;5;274,76;893,86;114,9;113,67;46,19;;;;;316,58;196,63;183,43;106,28;90,94;;
96;105;9;Olivia;Mathias;1998;GBR;1168,5;4;3;423,53;744,97;270,87;71,97;71,21;9,48;;;;301,3;289,71;153,96;;;;
97;96;-1;Deborah;Lynch;1992;NZL;1128,13;7;1;1051,15;76,98;370;267,98;124,22;114,9;76,98;48,74;48,33;76,98;;;;;;
98;97;-1;Edda;Hannesdottir;1994;ISL;1122,83;6;6;469,15;653,68;118,22;114,9;83,22;61,58;52,13;39,1;;188,73;167,86;113,93;70,6;67,48;45,08;
99;98;-1;Carolina;Routier;1990;ESP;1122,71;6;4;545,07;577,64;145,18;121,85;105,38;90,94;66,58;15,14;;231,77;229,8;90,17;25,9;;;
100;99;-1;Anja;Knapp;1988;GER;1118,25;6;3;918,58;199,67;395,73;156,95;145,18;143,63;61,58;15,51;;114,9;45,08;39,69;;;;
101;100;-1;Yejin;Park;2000;KOR;1103,21;3;6;255,83;847,38;156,95;65,87;33,01;;;;;338,59;183,43;158,24;124,22;32,65;10,25;
102;101;-1;Marlene;Gomez-Islinger;1993;GER;1085,09;0;5;0;1085,09;;;;;;;;400;247,88;214,38;132,86;89,97;;
103;102;-1;Mathilde;Gautier;1995;FRA;1082,9;4;3;707,51;375,39;212,57;179,94;167,86;147,14;;;;181,47;145,18;48,74;;;;
104;103;-1;Justine;Guerard;1994;FRA;1058,71;6;2;879,78;178,93;274,54;212,09;183,43;86,18;66,58;56,96;;107,72;71,21;;;;;
105;104;-1;Maria;Czesnik;1977;POL;1030,74;6;6;550,78;479,96;143,63;122,89;106,28;77,81;74,05;26,12;;143,63;105,15;89,97;53,4;52,13;35,68;
106;106;0;Arina;Shulgina;1991;KAZ;997,69;1;4;85,26;912,43;85,26;;;;;;;373,05;319,19;171,97;48,22;;;
107;107;0;Valentina;Riasova;1998;RUS;996,58;1;6;42,27;954,31;42,27;;;;;;;424,19;145,18;132,86;105,15;89,97;56,96;
108;108;0;Lisa;Tertsch;1998;GER;979,46;0;4;0;979,46;;;;;;;;400;231,77;178,01;169,68;;;
109;109;0;Lucy;Hall;1992;GBR;969,12;6;0;969,12;0;313,2;214,38;156,95;122,89;107,72;53,98;;;;;;;;
110;110;0;Kseniia;Levkovska;1989;AZE;967,08;7;5;507,6;459,48;149,37;134,29;71,97;56,36;38,58;37,44;19,59;167,86;98,31;93,57;61,58;38,16;;
111;111;0;Lina Maria;Raga;1988;COL;960,59;6;3;689,24;271,35;293,15;198,52;114,9;48,22;17,69;16,76;;97,26;89,97;84,12;;;;
112;112;0;India;Lee;1988;GBR;940,15;6;0;940,15;0;342,25;212,09;134,29;113,93;109,35;28,24;;;;;;;;
113;113;0;Giorgia;Priarone;1992;ITA;915,93;7;1;781,64;134,29;169,68;155,27;143,63;83,22;80,06;77,81;71,97;134,29;;;;;;
114;136;22;Sian;Rainsley;1997;GBR;871,31;0;5;0;871,31;;;;;;;;392,37;181,47;181,47;98,31;17,69;;
115;114;-1;Yi;Zhang;1987;CHN;843,42;1;5;49,4;794,02;49,4;;;;;;;345,07;216,15;97,26;90,94;44,6;;
116;115;-1;Alberte Kjær;Pedersen;1998;DEN;833,99;3;2;322,48;511,51;134,29;127,26;60,93;;;;;313,2;198,31;;;;;
117;116;-1;Marta;Sanchez Hernandez;1995;ESP;832,29;5;4;346,78;485,51;113,67;106,28;48,74;45,08;33,01;;;247,88;143,63;78,86;15,14;;;
118;117;-1;Gillian;Backhouse;1991;AUS;829,45;4;1;790,87;38,58;458,58;210,3;83,41;38,58;;;;38,58;;;;;;
119;118;-1;Anastasia;Abrosimova;1990;RUS;791,89;6;2;680,43;111,46;155,27;153,96;127,81;106,28;95,41;41,7;;83,22;28,24;;;;;
120;119;-1;Helena;Carvalho;1995;POR;768,1;6;3;543,27;224,83;181,47;132,86;77,81;77,81;45,08;28,24;;124,22;65,31;35,3;;;;
121;120;-1;Alessia;Orla;1992;ITA;738,01;6;0;738,01;0;289,71;196,19;105,15;98,31;30,53;18,12;;;;;;;;
122;121;-1;Brittany;Dutton;1997;AUS;734,61;1;4;316,26;418,35;316,26;;;;;;;212,09;89,97;71,21;45,08;;;
123;0;-;Lucy;Charles-Barclay;1993;GBR;732,09;0;1;0;732,09;;;;;;;;732,09;;;;;;
124;122;-2;Leslie;Amat Alvarez;1992;CUB;709,94;4;6;413,17;296,77;214,62;98,31;77,89;22,35;;;;97,26;66,58;45,08;35,3;30,2;22,35;
125;123;-2;Xisca;Tous;1992;ESP;690,57;1;7;19,12;671,45;19,12;;;;;;;247,88;125,9;122,89;98,31;28,24;26,12;22,11
126;124;-2;Vanesa;De La Torre;1995;MEX;669,76;3;1;655,91;13,85;400,43;198,52;56,96;;;;;13,85;;;;;;
127;125;-2;Audrey;Merle;1995;FRA;668,33;4;1;351,75;316,58;132,86;124,22;76,98;17,69;;;;316,58;;;;;;
128;126;-2;Djenyfer;Arnold;1993;BRA;655,26;2;5;239,38;415,88;124,35;115,03;;;;;;196,19;90,94;60,93;41,7;26,12;;
129;127;-2;Joanne;Miller;1998;AUS;651,89;3;2;409,6;242,29;214,17;124,22;71,21;;;;;159,07;83,22;;;;;
130;128;-2;Anabel;Knoll;1996;GER;645,03;2;5;157,84;487,19;105,15;52,69;;;;;;196,19;169,68;60,93;46,39;14;;
131;129;-2;Erica;Hawley;1998;BER;636,44;5;2;567,56;68,88;250,83;157,12;106,28;32,65;20,68;;;52,69;16,19;;;;;
132;130;-2;Margot;Garabedian;1996;FRA;634,61;4;1;578,25;56,36;289,71;125,9;106,28;56,36;;;;56,36;;;;;;
133;131;-2;Diana;Castillo;1993;COL;619,77;5;1;581,19;38,58;232,02;145,18;90,94;84,12;28,93;;;38,58;;;;;;
134;132;-2;Lotte;Wilms;1984;NED;618,09;5;6;235,77;382,32;61,58;56,96;52,13;48,74;16,36;;;122,89;113,67;65,87;33,96;28,24;17,69;
135;133;-2;Therese;Feuersinger;1998;AUT;614,38;4;4;417,36;197,02;227,35;93,57;52,69;43,75;;;;71,97;63,36;48,74;12,95;;;
136;134;-2;Lisa;Berger;1993;SUI;614,29;4;7;284,23;330,06;113,67;77,15;57,73;35,68;;;;77,81;65,87;61,58;59,76;28;20,68;16,36
137;135;-2;Quinty;Schoens;1999;NED;554,69;1;7;30,53;524,16;30,53;;;;;;;167,86;145,18;66,58;56,36;35,3;30,53;22,35
138;137;-1;Rani;Skrabanja;1998;NED;477,56;4;4;266,88;210,68;114,9;83,22;44,6;24,16;;;;66,58;56,96;44,23;42,91;;;
139;138;-1;Felicity;Sheedy-Ryan;1985;AUS;474,75;4;2;402,96;71,79;250,31;65,87;45,08;41,7;;;;41,26;30,53;;;;;
140;139;-1;Anne;Holm;1999;DEN;454,73;5;3;227,33;227,4;52,69;48,33;48,22;45,08;33,01;;;89,97;83,22;54,21;;;;
141;140;-1;Ji Yeon;Kim;1990;KOR;448,81;3;4;154,43;294,38;97,26;33,01;24,16;;;;;171,08;52,13;38,16;33,01;;;
142;141;-1;Dominika;Jamnicky;1992;CAN;447,26;0;5;0;447,26;;;;;;;;181,47;132,86;71,97;44,6;16,36;;
143;142;-1;Chi Wen;Chang;1998;TPE;426,94;0;3;0;426,94;;;;;;;;216,15;184,95;25,84;;;;
144;143;-1;Alissa;Konig;1996;SUI;422,18;2;3;79,07;343,11;56,96;22,11;;;;;;155,62;142,41;45,08;;;;
145;144;-1;Marion Kim;Mangrobang;1991;PHI;416,12;3;3;168,2;247,92;61,58;60,93;45,69;;;;;199,94;33,01;14,97;;;;
146;145;-1;Solveig;Løvseth;1999;NOR;415,96;0;4;0;415,96;;;;;;;;169,68;166,44;41,26;38,58;;;
147;146;-1;Cecilia;Santamaria Surroca;1997;ESP;414,43;3;3;260,74;153,69;145,18;76,98;38,58;;;;;84,12;58,61;10,96;;;;
148;147;-1;Chelsea;Sodaro;1989;USA;400;1;0;400;0;400;;;;;;;;;;;;;
149;148;-1;Emy;Legault;1996;CAN;387,35;3;5;226,37;160,98;124,22;71,21;30,94;;;;;66,58;30,2;28,24;22,11;13,85;;
150;149;-1;Annabel;White;1998;AUS;385,02;3;1;373,17;11,85;292,54;52,69;27,94;;;;;11,85;;;;;;
151;150;-1;Kate;Waugh;1999;GBR;382,44;0;2;0;382,44;;;;;;;;320,86;61,58;;;;;
152;151;-1;Tamara;Gomez Garrido;1991;ESP;376,61;0;3;0;376,61;;;;;;;;214,38;134,29;27,94;;;;
153;152;-1;Bailee;Brown;2000;HKG;374,36;1;3;30,53;343,83;30,53;;;;;;;273,11;44,6;26,12;;;;
154;153;-1;Maira Alejandra;Vargas;1987;COL;365,67;4;0;365,67;0;169,86;145,34;41,7;8,77;;;;;;;;;;
155;154;-1;Ashleigh;Blackwell;1992;RSA;349,1;0;1;0;349,1;;;;;;;;349,1;;;;;;
156;155;-1;Daryna;Moskalenko;1997;UKR;336,74;2;0;336,74;0;181,47;155,27;;;;;;;;;;;;
157;156;-1;Anneke;Jenkins;1989;NZL;331,8;0;2;0;331,8;;;;;;;;270,87;60,93;;;;;
158;157;-1;Basmla;Elsalamoney;1999;EGY;326,4;0;1;0;326,4;;;;;;;;326,4;;;;;;
159;158;-1;Paola;Diaz;1992;MEX;324,4;3;0;324,4;0;156,95;134,44;33,01;;;;;;;;;;;
160;159;-1;Emmie;Charayron;1990;FRA;322,71;1;1;231,77;90,94;231,77;;;;;;;90,94;;;;;;
161;160;-1;Pauline;Landron;1999;FRA;316,58;0;1;0;316,58;;;;;;;;316,58;;;;;;
162;161;-1;Yun-Jung;Jang;1988;KOR;314,79;2;3;167,3;147,49;134,29;33,01;;;;;;84,12;41,26;22,11;;;;
163;162;-1;Wen;Wei;1999;CHN;313,77;0;4;0;313,77;;;;;;;;123,17;97,26;48,74;44,6;;;
164;163;-1;Minami;Kubono;1997;JPN;312,36;4;1;302,88;9,48;131,73;83,22;52,25;35,68;;;;9,48;;;;;;
165;164;-1;Romy;Wolstencroft;1999;AUS;311,78;1;1;198,11;113,67;198,11;;;;;;;113,67;;;;;;
166;165;-1;Kirsten;Nuyes;1997;NED;308,92;4;0;308,92;0;194,53;56,36;35,68;22,35;;;;;;;;;;
167;166;-1;Long;Hoi;1984;MAC;302,92;1;2;22,35;280,57;22,35;;;;;;;252,63;27,94;;;;;
168;167;-1;Laurelle;Brown;1994;ZIM;301,92;0;1;0;301,92;;;;;;;;301,92;;;;;;
169;168;-1;Sophia;Saller;1994;GER;300,81;3;0;300,81;0;153,96;122,89;23,96;;;;;;;;;;;
170;169;-1;Milan;Agnew;1999;AUS;300,8;1;1;270,6;30,2;270,6;;;;;;;30,2;;;;;;
171;170;-1;Sif;Bendix Madsen;2001;DEN;299,83;2;3;71,09;228,74;48,74;22,35;;;;;;89,21;72,95;66,58;;;;
172;171;-1;Macarena;Salazar;1995;CHI;298,66;2;6;80,65;218,01;66,65;14;;;;;;56,96;48,22;41,7;38,16;19,12;13,85;
173;172;-1;Camila;Alonso Aradas;1994;ESP;296,17;2;1;267,93;28,24;231,77;36,16;;;;;;28,24;;;;;;
174;173;-1;Ekaterina;Shabalina;1998;KAZ;295,25;0;1;0;295,25;;;;;;;;295,25;;;;;;
175;174;-1;Amy;Sloan;1992;USA;292,26;1;1;41,7;250,56;41,7;;;;;;;250,56;;;;;;
176;175;-1;Danielle;De Francesco;1992;AUS;289,71;0;1;0;289,71;;;;;;;;289,71;;;;;;
177;176;-1;Jony;Heerink;1986;NED;286,66;2;5;41,26;245,4;26,12;15,14;;;;;;124,22;41,7;38,58;20,45;20,45;;
178;177;-1;Andie;Kuipers;2002;ZIM;279,28;0;1;0;279,28;;;;;;;;279,28;;;;;;
179;178;-1;Bianca;Bogen;1998;GER;275,31;3;2;216,54;58,77;97,26;86,55;32,73;;;;;32,65;26,12;;;;;
180;179;-1;Jia-Chi;Kuo;1998;TPE;273,37;1;2;61,58;211,79;61,58;;;;;;;199,94;11,85;;;;;
181;180;-1;Pamella;Oliveira;1987;BRA;271,17;1;0;271,17;0;271,17;;;;;;;;;;;;;
182;181;-1;Emma;Lombardi;2001;FRA;270,87;0;1;0;270,87;;;;;;;;270,87;;;;;;
183;182;-1;Sophie;Alden;1998;GBR;269,01;0;2;0;269,01;;;;;;;;167,86;101,15;;;;;
184;241;57;Tereza;Zimovjanova;1995;CZE;266,69;1;3;12,27;254,42;12,27;;;;;;;179,94;52,13;22,35;;;;
185;183;-2;Sophie;Malowiecki;1997;AUS;264,24;1;1;16,36;247,88;16,36;;;;;;;247,88;;;;;;
186;184;-2;Ons;Lajili;1999;TUN;258,33;0;1;0;258,33;;;;;;;;258,33;;;;;;
187;185;-2;Alia;Cardinale Villalobos;1985;CRC;255,6;2;0;255,6;0;183,63;71,97;;;;;;;;;;;;
188;186;-2;Kiri;Atkin;1996;NZL;250,66;2;0;250,66;0;231,54;19,12;;;;;;;;;;;;
189;187;-2;Lea;Coninx;1998;FRA;247,88;0;1;0;247,88;;;;;;;;247,88;;;;;;
190;188;-2;Hanne;De Vet;1998;BEL;241,45;1;5;38,58;202,87;38,58;;;;;;;52,69;52,13;38,16;33,01;26,88;;
191;189;-2;Desirae;Ridenour;1999;CAN;240,72;3;0;240,72;0;145,18;56,96;38,58;;;;;;;;;;;
192;190;-2;Kiara;Lenaertz;1998;BEL;240,6;0;3;0;240,6;;;;;;;;169,68;45,08;25,84;;;;
193;191;-2;Ekaterina;Matiukh;1998;RUS;240,34;2;0;240,34;0;161,48;78,86;;;;;;;;;;;;
194;192;-2;Kahina;Mebarki;1987;ALG;238,96;0;1;0;238,96;;;;;;;;238,96;;;;;;
195;193;-2;Kyleigh;Spearing;1998;USA;237,87;3;0;237,87;0;90,94;89,97;56,96;;;;;;;;;;;
196;194;-2;Beatrice;Mallozzi;2000;ITA;230,61;0;2;0;230,61;;;;;;;;169,68;60,93;;;;;
197;195;-2;Roksana;Slupek;1999;POL;229,7;3;0;229,7;0;167,86;42,72;19,12;;;;;;;;;;;
198;196;-2;Fuka;Sega;1998;JPN;223,9;3;1;203,45;20,45;112,71;66,58;24,16;;;;;20,45;;;;;;
199;197;-2;Imene;Maldji;1999;ALG;221,03;0;1;0;221,03;;;;;;;;221,03;;;;;;
200;198;-2;Yurie;Kato;1987;JPN;219,11;1;1;183,43;35,68;183,43;;;;;;;35,68;;;;;;
201;199;-2;Carlotta;Missaglia;1999;ITA;214,38;0;1;0;214,38;;;;;;;;214,38;;;;;;
202;200;-2;Paula;Jara;1997;ECU;207,58;3;1;154,89;52,69;77,81;66,58;10,5;;;;;52,69;;;;;;
203;201;-2;Gyuri;Kim;1998;KOR;206,7;2;2;143,52;63,18;114,9;28,62;;;;;;32,65;30,53;;;;;
204;202;-2;Lianyuan;Wang;1994;CHN;199,92;0;2;0;199,92;;;;;;;;184,95;14,97;;;;;
205;203;-2;Jolien;Vermeylen;1994;BEL;193,64;0;4;0;193,64;;;;;;;;106,28;35,68;25,84;25,84;;;
206;204;-2;Mary Alex;England;1994;USA;187,04;1;1;145,34;41,7;145,34;;;;;;;41,7;;;;;;
207;205;-2;Kira;Hedgeland;1998;AUS;176,36;1;1;71,21;105,15;71,21;;;;;;;105,15;;;;;;
208;206;-2;Matilda;Offord;1999;AUS;169,51;1;0;169,51;0;169,51;;;;;;;;;;;;;
209;207;-2;Gabriela;Ribeiro;2000;POR;165,48;0;3;0;165,48;;;;;;;;83,22;61,58;20,68;;;;
210;208;-2;Iveta;Fairaislova;1998;CZE;157,13;0;4;0;157,13;;;;;;;;50,15;48,22;41,26;17,5;;;
211;209;-2;Rose;Dillon;1998;NZL;156,79;1;0;156,79;0;156,79;;;;;;;;;;;;;
212;210;-2;Annika;Koch;1999;GER;156,09;0;2;0;156,09;;;;;;;;84,12;71,97;;;;;
213;211;-2;Kim;Kilgroe;1989;PHI;148,21;0;2;0;148,21;;;;;;;;135,4;12,81;;;;;
214;212;-2;Yu-Yan;Huang;1998;TPE;146,38;0;1;0;146,38;;;;;;;;146,38;;;;;;
215;213;-2;Andreia;Ferrum;1995;POR;141,92;3;1;103,34;38,58;65,87;26,12;11,35;;;;;38,58;;;;;;
216;214;-2;Hanna;Maksimava;1993;BLR;141,34;0;2;0;141,34;;;;;;;;99,64;41,7;;;;;
217;215;-2;Megan;Foley;1990;USA;140,87;2;0;140,87;0;115,03;25,84;;;;;;;;;;;;
218;216;-2;Raquel;Solis Guerrero;1998;CRC;140,71;1;1;124,35;16,36;124,35;;;;;;;16,36;;;;;;
219;217;-2;Katie;Gorczyca;1995;USA;134,44;1;0;134,44;0;134,44;;;;;;;;;;;;;
220;218;-2;Sarah;Alexander;1987;USA;134,29;3;0;134,29;0;84,12;33,81;16,36;;;;;;;;;;;
221;219;-2;Severine;Bouchez;1994;BEL;132,55;2;3;24,59;107,96;14,34;10,25;;;;;;61,58;35,3;11,08;;;;
222;220;-2;Vera;Vilaca;1998;POR;128,67;0;2;0;128,67;;;;;;;;97,26;31,41;;;;;
223;221;-2;Elisabeth;Boutin;1995;CAN;128,26;1;2;45,08;83,18;45,08;;;;;;;44,6;38,58;;;;;
224;222;-2;Jenny;Manners;1990;GBR;127,81;0;1;0;127,81;;;;;;;;127,81;;;;;;
225;223;-2;A. Reum;Jo;1987;KOR;125,24;0;1;0;125,24;;;;;;;;125,24;;;;;;
226;224;-2;Hannah;Henry;1999;CAN;122,89;0;1;0;122,89;;;;;;;;122,89;;;;;;
227;225;-2;Stine;Dale;1998;NOR;121,28;0;3;0;121,28;;;;;;;;48,74;44,6;27,94;;;;
228;226;-2;Moira;Miranda;1998;ARG;118,38;2;0;118,38;0;106,4;11,98;;;;;;;;;;;;
229;227;-2;Luisa;Iogna-Prat;1995;ITA;114,9;0;1;0;114,9;;;;;;;;114,9;;;;;;
230;228;-2;Diana;Isakova;1999;RUS;114,19;0;2;0;114,19;;;;;;;;68,5;45,69;;;;;
231;229;-2;Jasmin;Weber;1998;SUI;110,21;2;0;110,21;0;97,26;12,95;;;;;;;;;;;;
232;230;-2;Sophie;Linn;1995;AUS;109,67;0;2;0;109,67;;;;;;;;60,93;48,74;;;;;
233;231;-2;Marta;Lagownik;1995;POL;107,57;1;1;41,7;65,87;41,7;;;;;;;65,87;;;;;;
234;232;-2;Yuliya;Golofeeva;1996;RUS;105,94;1;1;20,68;85,26;20,68;;;;;;;85,26;;;;;;
235;233;-2;Estelle;Perriard;1995;SUI;105,15;1;0;105,15;0;105,15;;;;;;;;;;;;;
236;234;-2;Amber;Schlebusch;2001;RSA;100,87;1;1;48,74;52,13;48,74;;;;;;;52,13;;;;;;
237;235;-2;Catalina;Salazar;1997;CHI;98,42;1;0;98,42;0;98,42;;;;;;;;;;;;;
238;236;-2;Qing;Wu;1998;CHN;95,9;0;2;0;95,9;;;;;;;;76,98;18,92;;;;;
239;237;-2;Hye Rim;Jeong;1999;KOR;94,66;1;1;53,4;41,26;53,4;;;;;;;41,26;;;;;;
240;238;-2;Sara;Papais;1994;ITA;91,64;2;0;91,64;0;67,48;24,16;;;;;;;;;;;;
241;239;-2;Delfina;Alvarez;1989;ARG;91,04;1;0;91,04;0;91,04;;;;;;;;;;;;;
242;240;-2;Mercedes;Romero Orozco;2002;MEX;87,01;0;2;0;87,01;;;;;;;;56,48;30,53;;;;;
243;242;-1;Jessica;Broderick;1990;USA;81,61;2;0;81,61;0;60,93;20,68;;;;;;;;;;;;
244;243;-1;Dorka;Putnóczki;1999;HUN;76,98;0;1;0;76,98;;;;;;;;76,98;;;;;;
245;244;-1;Yiming;Liu;1996;CHN;71,21;0;1;0;71,21;;;;;;;;71,21;;;;;;
246;245;-1;Nicole;Welling;1990;USA;66,58;1;0;66,58;0;66,58;;;;;;;;;;;;;
246;245;-1;Ji Eun;Jung;1997;KOR;66,58;1;0;66,58;0;66,58;;;;;;;;;;;;;
248;247;-1;Alicja;Ulatowska;1996;POL;64,36;1;1;35,3;29,06;35,3;;;;;;;29,06;;;;;;
249;248;-1;Yan Yin Hilda;Choi;1994;HKG;62,86;2;1;32,66;30,2;17,69;14,97;;;;;;30,2;;;;;;
250;249;-1;Anastasia;Polyanskaya Protasenya;1993;RUS;62,42;0;1;0;62,42;;;;;;;;62,42;;;;;;
251;250;-1;Yuting;Huang;1995;CHN;60,93;0;1;0;60,93;;;;;;;;60,93;;;;;;
252;251;-1;Antoanela;Manac;1995;ROU;60,57;2;1;45,43;15,14;33,45;11,98;;;;;;15,14;;;;;;
253;252;-1;Karol-Ann;Roy;1993;CAN;60,43;1;1;24,75;35,68;24,75;;;;;;;35,68;;;;;;
254;253;-1;Madalena Amaral;Almeida;1998;POR;57,94;2;1;30;27,94;18,92;11,08;;;;;;27,94;;;;;;
255;254;-1;Sarika;Nakayama;2000;JPN;56,96;0;1;0;56,96;;;;;;;;56,96;;;;;;
256;255;-1;Shanae;Williams;1998;RSA;56,36;0;1;0;56,36;;;;;;;;56,36;;;;;;
256;255;-1;Anqi;Huang;2001;CHN;56,36;0;1;0;56,36;;;;;;;;56,36;;;;;;
258;257;-1;Margit;Vanek;1986;HUN;55,26;2;0;55,26;0;41,26;14;;;;;;;;;;;;
259;258;-1;Jeanine;Kocken;1996;NED;54,8;2;0;54,8;0;35,68;19,12;;;;;;;;;;;;
260;259;-1;Adriana Isaura;Carreño;1996;MEX;52,69;1;0;52,69;0;52,69;;;;;;;;;;;;;
261;260;-1;Chunyan;Xiong;1997;CHN;52,13;0;1;0;52,13;;;;;;;;52,13;;;;;;
262;261;-1;Cecilia Sayuri;Ramirez Alavez;2000;MEX;48,74;1;0;48,74;0;48,74;;;;;;;;;;;;;
262;261;-1;Paula;Vega;2002;ECU;48,74;1;0;48,74;0;48,74;;;;;;;;;;;;;
262;261;-1;Solji;Om;2000;KOR;48,74;1;0;48,74;0;48,74;;;;;;;;;;;;;
265;264;-1;Miyu;Sakai;1999;JPN;48,23;0;2;0;48,23;;;;;;;;26,12;22,11;;;;;
266;265;-1;Sofia;Rodriguez Moreno;2001;MEX;45,08;0;1;0;45,08;;;;;;;;45,08;;;;;;
267;266;-1;Jana;Machacova;1996;CZE;33,01;1;0;33,01;0;33,01;;;;;;;;;;;;;
268;267;-1;Raz;Poradosu;1999;ISR;32,65;0;1;0;32,65;;;;;;;;32,65;;;;;;
269;268;-1;Anel;Radford;1978;RSA;30,53;1;0;30,53;0;30,53;;;;;;;;;;;;;
270;269;-1;Klaudia;Sebők;1997;HUN;30,2;1;0;30,2;0;30,2;;;;;;;;;;;;;
271;270;-1;Paulina;Klimas;1995;POL;28,24;1;0;28,24;0;28,24;;;;;;;;;;;;;
271;270;-1;Lina;Völker;1998;GER;28,24;1;0;28,24;0;28,24;;;;;;;;;;;;;
271;270;-1;Maiko;Nishi;1984;JPN;28,24;1;0;28,24;0;28,24;;;;;;;;;;;;;
274;273;-1;Nanami;Nakayama;2000;JPN;23,91;1;0;23,91;0;23,91;;;;;;;;;;;;;
274;273;-1;Zhilin;Tang;1999;CHN;23,91;0;1;0;23,91;;;;;;;;23,91;;;;;;
274;273;-1;Barbara;Balogh;1992;HUN;23,91;0;1;0;23,91;;;;;;;;23,91;;;;;;
274;273;-1;Maeve;Gallagher;2001;IRL;23,91;0;1;0;23,91;;;;;;;;23,91;;;;;;
278;277;-1;Oleksandra;Kokhan;1992;UKR;23;0;1;0;23;;;;;;;;23;;;;;;
279;278;-1;Tanja;Stroschneider;1990;AUT;20,45;1;0;20,45;0;20,45;;;;;;;;;;;;;
280;279;-1;Luma;Guillen;1997;BRA;19,12;0;1;0;19,12;;;;;;;;19,12;;;;;;
281;280;-1;Xiaoting;Ma;1992;CHN;18,92;0;1;0;18,92;;;;;;;;18,92;;;;;;
281;280;-1;Hagar;Cohen Kalif;2000;ISR;18,92;0;1;0;18,92;;;;;;;;18,92;;;;;;
283;282;-1;Esra Nur;Gokcek;1996;TUR;17,5;1;0;17,5;0;17,5;;;;;;;;;;;;;
283;282;-1;Minori;Ikeno;1997;JPN;17,5;0;1;0;17,5;;;;;;;;17,5;;;;;;
285;284;-1;Noam;Fishman;1997;ISR;16,19;1;0;16,19;0;16,19;;;;;;;;;;;;;
285;284;-1;Chia-Chia;Chang;1995;TPE;16,19;0;1;0;16,19;;;;;;;;16,19;;;;;;
287;286;-1;Noelia;Juan;1996;ESP;14;1;0;14;0;14;;;;;;;;;;;;;
288;287;-1;Renáta;Fuchs;1995;HUN;12,81;0;1;0;12,81;;;;;;;;12,81;;;;;;
289;288;-1;Chisato;Nakajima;2003;JPN;11,98;0;1;0;11,98;;;;;;;;11,98;;;;;;
290;289;-1;Gréta;Santosi;1989;HUN;10,25;1;0;10,25;0;10,25;;;;;;;;;;;;;
291;290;-1;Brittany;Warly;1993;CAN;9,48;1;0;9,48;0;9,48;;;;;;;;;;;;;
292;291;-1;Charlotte;Deldaele;1993;BEL;8,77;1;0;8,77;0;8,77;;;;;;;;;;;;;
